Workbook

Sheet Executive Summary
A1: GeoQueryBench Client Error Report
A3: Group 7 • complete 233-query execution audit • generated 2026-09-08 • errors, caveats, data-quality warnings and visual summaries
A5: TOTAL CASES | E5: EXECUTION COMPLETED | I5: SEMANTICALLY VALID | M5: NEEDS CORRECTION
A6: =COUNTA('Full Validation'!$B$6:$B$238) -> 233 | E6: =COUNTIF('Full Validation'!$J$6:$J$238,"PASS") -> 233 | I6: =COUNTA('Full Validation'!$B$6:$B$238)-COUNTIF('Full Validation'!$L$6:$L$238,"Needs correction") -> 229 | M6: =COUNTIF('Full Validation'!$L$6:$L$238,"Needs correction") -> 4
A11: All cases | B11: Verified | C11: Verified with caveat | D11: Gold defect | E11: Needs correction | J11: Task family | K11: Cases
A12: Count | B12: =COUNTIF('Full Validation'!$L$6:$L$238,"Verified") -> 222 | C12: =COUNTIF('Full Validation'!$L$6:$L$238,"Verified with caveat") -> 6 | D12: =COUNTIF('Full Validation'!$L$6:$L$238,"Verified — gold defect") -> 1 | E12: =COUNTIF('Full Validation'!$L$6:$L$238,"Needs correction") -> 4 | J12: sql | K12: =COUNTIF('Full Validation'!$E$6:$E$238,J12) -> 97
J13: geopandas | K13: =COUNTIF('Full Validation'!$E$6:$E$238,J13) -> 54
J14: python | K14: =COUNTIF('Full Validation'!$E$6:$E$238,J14) -> 35
J15: viz | K15: =COUNTIF('Full Validation'!$E$6:$E$238,J15) -> 45
J16: refusal | K16: =COUNTIF('Full Validation'!$E$6:$E$238,J16) -> 2
A36: Scenario | B36: Valid tie caveat | C36: Gold defect | D36: Correction | J36: Documented data warning | K36: Count
A37: NS | B37: =COUNTIFS('Full Validation'!$C$6:$C$238,A37,'Full Validation'!$L$6:$L$238,"Verified with caveat") -> 0 | C37: =COUNTIFS('Full Validation'!$C$6:$C$238,A37,'Full Validation'!$L$6:$L$238,"Verified — gold defect") -> 1 | D37: =COUNTIFS('Full Validation'!$C$6:$C$238,A37,'Full Validation'!$L$6:$L$238,"Needs correction") -> 0 | J37: Sentinel / invalid value | K37: =COUNTIF('Data Quality Warnings'!$B$21:$B$38,J37) -> 8
A38: SS | B38: =COUNTIFS('Full Validation'!$C$6:$C$238,A38,'Full Validation'!$L$6:$L$238,"Verified with caveat") -> 6 | C38: =COUNTIFS('Full Validation'!$C$6:$C$238,A38,'Full Validation'!$L$6:$L$238,"Verified — gold defect") -> 0 | D38: =COUNTIFS('Full Validation'!$C$6:$C$238,A38,'Full Validation'!$L$6:$L$238,"Needs correction") -> 1 | J38: Extreme / unit review | K38: =COUNTIF('Data Quality Warnings'!$B$21:$B$38,J38) -> 7
A39: CD | B39: =COUNTIFS('Full Validation'!$C$6:$C$238,A39,'Full Validation'!$L$6:$L$238,"Verified with caveat") -> 0 | C39: =COUNTIFS('Full Validation'!$C$6:$C$238,A39,'Full Validation'!$L$6:$L$238,"Verified — gold defect") -> 0 | D39: =COUNTIFS('Full Validation'!$C$6:$C$238,A39,'Full Validation'!$L$6:$L$238,"Needs correction") -> 3 | J39: Missing identifier / null | K39: =COUNTIF('Data Quality Warnings'!$B$21:$B$38,J39) -> 2
J40: Coverage / lineage | K40: =COUNTIF('Data Quality Warnings'!$B$21:$B$38,J40) -> 1
A61: CLIENT CONCLUSION
A62: All 233 benchmark cases completed in the validation harness. After reconciling Ziyue's independent review, 229 are semantically valid: 222 verified directly, six valid tied alternatives, and NS3-014 whose official gold CSV is defective. Four supplied queries require correction: SS5-003, CD2-001 and CD2-010 need deterministic tie policies; CD4-013 must enforce its stated map extent. Eighteen documented sentinel, null, extreme and coverage observations are reported separately as source-data warnings unless they invalidate the requested calculation.
A68: Colour key: GREEN = verified | AMBER = valid with caveat or data warning | BLUE = official gold artifact defect | RED = supplied query requires correction. No replacement query code has been generated.

Sheet Error Register
A1: Red Register — Supplied Queries Requiring Correction
A3: Four queries execute but fail semantic validation: three discard unresolved ties and one does not enforce the requested map extent.
A5: QID | B5: Scenario | C5: Task | D5: English question | E5: Execution | F5: Runtime (s) | G5: Final verdict | H5: Actual output | I5: Gold output | J5: Decisive error evidence | K5: Required client decision / action | L5: Resolution status
A6: SS5-003 | B6: SS | C6: sql | D6: Among inclined holes (first-survey dip shallower than -80) in the Kalgoorlie-Kambalda region, what are the 5 most common drilling azimuths binned to 10 degrees? Normalize azimuths to 0-360 first. | E6: PASS | F6: 0.3382 | G6: Needs query correction — nondeterministic first-survey tie | H6: 5 rows × 2 cols | I6: 5 rows × 2 cols | J6: 8,030 holes have multiple survey rows at minimum depth; 6,578 have conflicting azimuths and 7,025 have conflicting dips. ROW_NUMBER ordered only by depth_m can select different first directions. | K6: Agree a first-survey tie policy, then add a stable survey identifier/timestamp to ORDER BY or aggregate the duplicate minimum-depth surveys. | L6: Open — client policy required
A7: CD2-001 | B7: CD | C7: geopandas | D7: At soil gold anomalies (above 100 ppb), does the nearest drill hole within 1 km also show anomalous gold (maximum downhole grade at least 1 g/t)? Report how many anomalies agree, disagree, or have no hole within 1 km. | E7: PASS | F7: 16.0754 | G7: Needs query correction — equidistant-nearest verdict ambiguity | H7: 3 rows × 2 cols | I7: 3 rows × 2 cols | J7: Of 162,481 anomalous soil samples, 19,503 have multiple equidistant nearest holes and 229 ties cross the 1 g/t drillhole-gold threshold. drop_duplicates('uid') can change the final answer. | K7: Define how equidistant holes are handled: report ambiguity, retain all ties, or apply a client-approved deterministic rule before deriving the verdict. | L7: Open — client policy required
A8: CD2-010 | B8: CD | C8: geopandas | D8: For the 10 holes with the highest maximum downhole copper, what is the nearest rock chip sample's copper value within 2 km (if any)? | E8: PASS | F8: 10.0194 | G8: Needs query correction — equidistant-nearest value ambiguity | H8: 10 rows × 4 cols | I8: 10 rows × 4 cols | J8: At least one selected hole has two equally near rock-chip samples at 118.7336 m with Cu values 100.0 and 1,000,000.0. drop_duplicates('hole_ref') arbitrarily chooses one. | K8: Retain/report all equidistant samples or apply a documented deterministic rule (for example stable UID or highest Cu) before selecting one record. | L8: Open — client policy required
A9: CD4-013 | B9: CD | C9: viz | D9: Regional context map: Eastern Goldfields Superterrane outline, operating gold mines, and towns with population over 1000 labelled by name (lon 119-125, lat -33 to -27). | E9: PASS | F9: 0.3084 | G9: Needs correction — requested map extent is not enforced | H9: 519 × 840 px; axes approx. 119.914–123.818 lon, -32.841–-25.378 lat | I9: 518 × 836 px; reproduces the same extent defect | J9: The data selection, 116 Eastern Goldfields polygons, three operating gold mines, two towns, labels and legend were reproduced. However, .cx only selects intersecting features; the supplied code neither clips those geometries nor calls set_xlim/set_ylim. The requested extent is (119, 125, -33, -27), while the observed plot extent is approximately (119.914, 123.818, -32.841, -25.378). Ziyue test: test_viz_questions.py::test_cd4_013_gold_result (pytest XFAIL). | K9: Confirm that the stated extent is mandatory, then enforce the client-approved axis limits or clipping rule in a future correction. This report preserves the supplied code and does not generate replacement code. | L9: Open — code correction required
A11: Required action: the client/domain owner must agree the tie policies for SS5-003, CD2-001 and CD2-010, and confirm the mandatory extent for CD4-013 before its plotting logic is corrected. This report preserves the supplied code and does not invent replacement code.

Sheet Caveats & Gold Defect
A1: Amber Caveats and Official Gold Defect
A3: Six outputs are defensible tied alternatives; one query is correct but its official gold CSV is empty/stale.
A5: QID | B5: Scenario | C5: Task | D5: Category | E5: English question | F5: Actual output | G5: Gold output | H5: Evidence | I5: Recommended action
A6: NS3-014 | B6: NS | C6: python | D6: Verified — gold defect | E6: In the Leonora box (lon 121.1-121.6, lat -29.15 to -28.65), list rock chip samples with gold above 0.5 ppm. | F6: 143 rows × 2 cols | G6: 0 rows × 2 cols | H6: Independent recount returned 143 qualifying rows and 143 distinct samples (Au range 0.512–72.1 ppm), while the official gold CSV is empty. The rerun answers the stated question; the canonical artifact is wrong or stale. | I6: Regenerate and replace the official NS3-014 gold CSV from the supplied query output.
A7: SS1-015 | B7: SS | C7: sql | D7: Verified with caveat | E7: Data QC: find hole names that appear more than once within the same region. Show the 10 most duplicated. | F7: 10 rows × 3 cols | G7: 10 rows × 3 cols | H7: The boundary count is tied (n_dup = 2), and the supplied top-10 query has no stable secondary ordering. The rerun therefore selected a different but equally valid tied row. | I7: If exact membership must be reproducible, add a stable secondary ORDER BY key after n_dup DESC.
A8: SS2-001 | B8: SS | C8: sql | D8: Verified with caveat | E8: In the Kalgoorlie-Kambalda region, which 10 drill holes have the highest single-interval gold grade? Report hole ID, hole name and the peak grade. | F8: 10 rows × 3 cols | G8: 10 rows × 3 cols | H8: All compared top values are tied at the sentinel-like peak 999909.0; LIMIT 10 has no stable secondary ordering. The rerun selected a different valid tied set. | I8: Exclude/handle the 999909 sentinel if appropriate and add a stable secondary ORDER BY key.
A9: SS2-010 | B9: SS | C9: sql | D9: Verified with caveat | E9: In the Leonora-Murrin region, which 10 holes hit nickel above 1% at the shallowest depth? Report the depth to the top of the first such interval. | F9: 10 rows × 3 cols | G9: 10 rows × 3 cols | H9: Multiple qualifying nickel intervals share the minimum start depth of 0.0. The query does not break that tie deterministically. | I9: Add a documented tie rule, such as ORDER BY from_m, hole_ref, interval identifier.
A10: SS3-002 | B10: SS | C10: sql | D10: Verified with caveat | E10: In the Ravensthorpe region, compute each hole's length-weighted average nickel grade over its measured intervals. List the top 10 holes with at least 50 m of measured length. | F10: 10 rows × 3 cols | G10: 10 rows × 3 cols | H10: The final included rank is tied at weighted average nickel 11037.3. The query has no secondary ordering for tied averages. | I10: Add a stable secondary ORDER BY key if exact top-10 membership is required.
A11: SS3-010 | B11: SS | C11: sql | D11: Verified with caveat | E11: In the Ravensthorpe region, compute each hole's assay coverage ratio (summed interval length / hole depth). Show the 10 least-covered holes that have some assays and a recorded depth over 50 m. | F11: 10 rows × 4 cols | G11: 10 rows × 4 cols | H11: Rows at the selection boundary share coverage 0.010. The supplied query has no deterministic tie-breaker. | I11: Add a stable secondary ORDER BY key after coverage ASC.
A12: SS6-012 | B12: SS | C12: viz | D12: Verified with caveat | E12: Small multiples: downhole gold profiles of the 3 highest-peak-grade holes in the Kalgoorlie-Kambalda region that have at least 50 assay intervals, sharing the grade axis. | F12: 1,017 × 911 px | G12: 1,014 × 907 px | H12: The top 20 holes all have peak grade 999909.0, and LIMIT 3 has no secondary ordering. The rerun chart therefore plots different tied holes while preserving the requested chart logic. | I12: Handle the 999909 sentinel if appropriate and add a stable hole identifier tie-breaker before LIMIT 3.
A15: Interpretation: tied alternatives are valid answers but need stable secondary ordering if byte-for-byte reproducibility is required. NS3-014 should not be treated as a query failure: the rerun independently returned 143 valid rows while the official gold CSV contains zero rows.

Sheet Error Code Detail
A1: Original Code for the Four Correction Cases
A3: Audit appendix. The client-supplied code is preserved verbatim; the report identifies the policy decision needed before any correction is implemented.
A5: SS5-003 • SQL • NEEDS CORRECTION
A6: Question | C6: Among inclined holes (first-survey dip shallower than -80) in the Kalgoorlie-Kambalda region, what are the 5 most common drilling azimuths binned to 10 degrees? Normalize azimuths to 0-360 first.
A8: Supplied code | C8: WITH first_sv AS ( SELECT hole_id, dip, azimuth FROM dh_survey WHERE dip IS NOT NULL AND azimuth IS NOT NULL QUALIFY row_number() OVER (PARTITION BY hole_id ORDER BY depth_m) = 1 ) SELECT CAST(floor(((f.azimuth % 360) + 360) % 360 / 10) * 10 AS INT) AS azi_bin_deg, count(*) AS n_holes FROM first_sv f JOIN collar c ON f.hole_id = c.hole_id WHERE c.region = 'R1_kalgoorlie_kambalda' AND f.dip > -80 GROUP BY azi_bin_deg ORDER BY n_holes DESC LIMIT 5;
A13: Error evidence | C13: 8,030 holes have multiple survey rows at minimum depth; 6,578 have conflicting azimuths and 7,025 have conflicting dips. ROW_NUMBER ordered only by depth_m can select different first directions.
A16: Client decision / action | C16: Agree a first-survey tie policy, then add a stable survey identifier/timestamp to ORDER BY or aggregate the duplicate minimum-depth surveys.
A19: Benchmark note | C19: join +1、窗口 +1、方位归一化惯例 +1 = 3 → hard。trap:azimuth 实测值含 24429°、负值等未归一化脏数据,须 ((azi%360)+360)%360;直接分箱会产生 >360 的假桶。
A23: CD2-001 • GEOPANDAS • NEEDS CORRECTION
A24: Question | C24: At soil gold anomalies (above 100 ppb), does the nearest drill hole within 1 km also show anomalous gold (maximum downhole grade at least 1 g/t)? Report how many anomalies agree, disagree, or have no hole within 1 km.
A26: Supplied code | C26: import numpy as np import pandas as pd s = pd.read_parquet(DB / 'B_surface' / 'surface_sample.parquet', columns=['uid', 'medium', 'longitude', 'latitude']) a = pd.read_parquet(DB / 'B_surface' / 'surface_assay.parquet', columns=['uid', 'au_ppm']) soil = s[s.medium == 'soil'].merge(a, on='uid') anom = soil[soil.au_ppm > 0.1] # 100 ppb = 0.1 ppm g = gpd.GeoDataFrame(anom, geometry=gpd.points_from_xy(anom.longitude, anom.latitude), crs='EPSG:7844').to_crs(epsg=9473) maxg = gpd.read_parquet(DB / 'B_surface' / 'drillhole_maxgrade.parquet', columns=['au_ppm', 'geometry']) .rename(columns={'au_ppm': 'hole_max_au'}).to_crs(epsg=9473) near = gpd.sjoin_nearest(g, maxg, max_distance=1000, distance_col='d') .drop_duplicates('uid') merged = g[['uid']].merge(near[['uid', 'hole_max_au']], on='uid', how='left') cond = [merged.hole_max_au.isna(), merged.hole_max_au >= 1.0] merged['verdict'] = np.select(cond, ['no_hole_within_1km', 'both_anomalous'], default='surface_only') result = merged.groupby('verdict').size().reset_index(name='n')
A31: Error evidence | C31: Of 162,481 anomalous soil samples, 19,503 have multiple equidistant nearest holes and 229 ties cross the 1 g/t drillhole-gold threshold. drop_duplicates('uid') can change the final answer.
A34: Client decision / action | C34: Define how equidistant holes are handled: report ambiguity, retain all ties, or apply a client-approved deterministic rule before deriving the verdict.
A37: Benchmark note | C37: 多表 +1、空间 nearest +1、CRS +1、单位换算(ppb→ppm,g/t=ppm)+1 = 4 → hard。§5-3 自动比对 vs 人工分歧的典型题;左连接保留无孔异常是关键。
A41: CD2-010 • GEOPANDAS • NEEDS CORRECTION
A42: Question | C42: For the 10 holes with the highest maximum downhole copper, what is the nearest rock chip sample's copper value within 2 km (if any)?
A44: Supplied code | C44: import pandas as pd maxg = gpd.read_parquet(DB / 'B_surface' / 'drillhole_maxgrade.parquet', columns=['hole_ref', 'cu_ppm', 'geometry']) top = maxg[maxg.cu_ppm >= 0].nlargest(10, 'cu_ppm').to_crs(epsg=9473) .rename(columns={'cu_ppm': 'hole_cu_ppm'}) s = pd.read_parquet(DB / 'B_surface' / 'surface_sample.parquet', columns=['uid', 'medium', 'longitude', 'latitude']) a = pd.read_parquet(DB / 'B_surface' / 'surface_assay.parquet', columns=['uid', 'cu_ppm']) rc = s[s.medium == 'rock_chip'].merge(a[a.cu_ppm >= 0], on='uid') g = gpd.GeoDataFrame(rc, geometry=gpd.points_from_xy(rc.longitude, rc.latitude), crs='EPSG:7844').to_crs(epsg=9473) near = gpd.sjoin_nearest(top, g[['cu_ppm', 'geometry']], max_distance=2000, distance_col='dist_m') near = near.drop_duplicates('hole_ref') out = top[['hole_ref', 'hole_cu_ppm']].merge( near[['hole_ref', 'cu_ppm', 'dist_m']], on='hole_ref', how='left') .rename(columns={'cu_ppm': 'nearest_rockchip_cu_ppm'}) result = out.sort_values('hole_cu_ppm', ascending=False).round(1)
A49: Error evidence | C49: At least one selected hole has two equally near rock-chip samples at 118.7336 m with Cu values 100.0 and 1,000,000.0. drop_duplicates('hole_ref') arbitrarily chooses one.
A52: Client decision / action | C52: Retain/report all equidistant samples or apply a documented deterministic rule (for example stable UID or highest Cu) before selecting one record.
A55: Benchmark note | C55: 反向 nearest +1、max_distance 无匹配保留(LEFT)+1、多表 +1、CRS +1 = 4 → hard。'如有'的语义=无匹配孔也要出现在结果里(NaN)。
A59: CD4-013 • VIZ • NEEDS CORRECTION
A60: Question | C60: Regional context map: Eastern Goldfields Superterrane outline, operating gold mines, and towns with population over 1000 labelled by name (lon 119-125, lat -33 to -27).
A62: Supplied code | C62: import pandas as pd BBOX = (119.0, 125.0, -33.0, -27.0) belts = gpd.read_parquet(DB / 'B_surface' / 'greenstone_belt.parquet', columns=['tect_name', 'geometry']) egst = belts[belts.tect_name == 'Eastern Goldfields Superterrane'] .cx[BBOX[0]:BBOX[1], BBOX[2]:BBOX[3]] sites = gpd.read_parquet(DB / 'B_surface' / 'mineral_site.parquet', columns=['commodity_primary', 'site_stage', 'geometry']) ops = sites[(sites.commodity_primary == 'GOLD') & (sites.site_stage == 'Operating')] .cx[BBOX[0]:BBOX[1], BBOX[2]:BBOX[3]] towns = gpd.read_parquet(DB / 'B_surface' / 'townsite.parquet') big = towns[towns.population > 1000].cx[BBOX[0]:BBOX[1], BBOX[2]:BBOX[3]] fig, ax = plt.subplots(figsize=(8, 8)) egst.plot(ax=ax, facecolor='honeydew', edgecolor='darkgreen', linewidth=0.5) ax.scatter(ops.geometry.x, ops.geometry.y, marker='*', s=140, c='gold', edgecolors='black', label='operating gold mine') ax.scatter(big.geometry.x, big.geometry.y, s=25, c='black', label='town > 1000') for r in big.itertuples(): ax.annotate(r.name, (r.geometry.x, r.geometry.y), fontsize=7, xytext=(4, 4), textcoords='offset points') ax.set_xlabel('Longitude'); ax.set_ylabel('Latitude') ax.legend(loc='lower left') ax.set_title('Eastern Goldfields: greenstones, mines, towns') ax.set_aspect('equal') plt.show()
A67: Error evidence | C67: The data selection, 116 Eastern Goldfields polygons, three operating gold mines, two towns, labels and legend were reproduced. However, .cx only selects intersecting features; the supplied code neither clips those geometries nor calls set_xlim/set_ylim. The requested extent is (119, 125, -33, -27), while the observed plot extent is approximately (119.914, 123.818, -32.841, -25.378). Ziyue test: test_viz_questions.py::test_cd4_013_gold_result (pytest XFAIL).
A70: Client decision / action | C70: Confirm that the stated extent is mandatory, then enforce the client-approved axis limits or clipping rule in a future correction. This report preserves the supplied code and does not generate replacement code.
A73: Benchmark note | C73: 三图层+标注 +1、编码值 +1 = 2 → medium。检查清单:[1]镇名标注不遮点 [2]三层图例;区域讲解图的标准形态。

Sheet Data Quality Warnings
A1: Documented Data-Quality Warnings
A3: Orange-class issues from the three uploaded reviewer logs. These are source-data or output-usability concerns, not automatically query-code failures.
A5: Warning group | B5: Count
A6: Sentinel / invalid value | B6: =COUNTIF($B$21:$B$38,A6) -> 8
A7: Extreme / unit review | B7: =COUNTIF($B$21:$B$38,A7) -> 7
A8: Missing identifier / null | B8: =COUNTIF($B$21:$B$38,A8) -> 2
A9: Coverage / lineage | B9: =COUNTIF($B$21:$B$38,A9) -> 1
A10: Interpretation
A13: Sentinel and null values are retained as evidence and clearly labelled. They are treated as code errors only when they distort the requested calculation or make a result nondeterministic.
A18: Warning Register — 18 documented observations from the supplied reviewer logs; this is not presented as a new exhaustive sentinel scan of all 233 outputs.
A20: QID | B20: Warning group | C20: Issue type | D20: Observed issue | E20: Query verdict | F20: Expert review | G20: Recommended treatment | H20: Source log
A21: CD1-002 | B21: Sentinel / invalid value | C21: Sentinel in nearest result | D21: Correctly selects the 10 highest valid soil Au samples, projects both soil and drill-hole geometries to EPSG:9473, and finds the nearest drill hole for each sample. The rerun matches the provided gold result. Several nearest holes have hole_max_au_ppm = -9999, which is confirmed in drillhole_maxgrade and indicates missing or invalid recorded Au grade for those nearest holes. These holes should not be filtered before the nearest-neighbour search because doing so would change the question to “nearest hole with valid Au data”. This is therefore recorded as a data-quality concern rather than a gold-code error. | E21: Query valid with data note | F21: Yes | G21: Preserve the query result, clearly label invalid/missing/extreme source values, and request domain review where indicated. | H21: Thomas_validation_log (1).xlsx
A22: CD2-001 | B22: Sentinel / invalid value | C22: Tie ambiguity + sentinel | D22: The supplied gold code is executable, but the rerun does not reproduce the provided verdict counts. Diagnostic testing found 19,503 soil anomalies with multiple equally-nearest drill holes, including 229 cases where tied holes fall on opposite sides of the 1 ppm anomaly threshold. The current drop_duplicates('uid') therefore selects an arbitrary tied nearest hole and can change the final classification. In addition, some tied nearest holes have sentinel Au values such as -9999, which are currently classified as surface_only rather than treated as missing grade data. A deterministic tie policy and treatment of missing drill-hole Au grades should be confirmed with the client/domain expert. | E22: Needs correction | F22: Yes | G22: Agree a deterministic equidistant-neighbour policy and confirm treatment of missing drill-hole grades. | H22: Thomas_validation_log (1).xlsx
A23: CD2-004 | B23: Sentinel / invalid value | C23: Invalid grade in nearest result | D23: Gold code correctly selects the ten strongest non-negative soil Au results, converts surface Au from ppm to ppb, uses the equivalence 1 ppm Au = 1 g/t for downhole grade, projects to EPSG:9473 and finds the nearest drill hole with distance in metres. The ten-row result matched CD2-004.csv after nearest-neighbour tie deduplication. Seven nearest holes have hole_max_au_gpt = -9999, indicating missing or invalid recorded Au rather than a real grade. These holes should not be removed before the nearest search because that would change the question to the nearest hole with valid Au data, so this is recorded as a data-quality concern rather than a Gold error. Evidence: test_scripts/test_geopandas_questions.py::test_cd2_004_gold_result (pytest PASS). | E23: Query valid with data note | F23: No | G23: Keep the nearest-hole selection unchanged and clearly label -9999 as unavailable grade; excluding it would answer a different question. | H23: Ziyue_validation_log.csv
A24: CD2-008 | B24: Coverage / lineage | C24: Cross-dataset report coverage | D24: Gold SQL correctly performs separate report-level counts in surface_sample and collar while normalising report A75082 to the stored identifier 75082. DuckDB returned 84,668 surface samples and zero drill holes, exactly matching CD2-008.csv. The zero count is retained as a valid query result, while the absence of collar records for a report with extensive surface sampling is recorded as a possible cross-dataset lineage or coverage concern. Evidence: test_scripts/test_sql_questions.py::test_cd2_008_gold_result (pytest PASS). | E24: Query valid with data note | F24: No | G24: Retain the zero collar count, but confirm report coverage and linkage across the surface and subsurface datasets with the data provider. | H24: Ziyue_validation_log.csv
A25: CD2-013 | B25: Sentinel / invalid value | C25: Tie + sentinel observation | D25: The rerun differs from the supplied result for one hole_ref, but diagnostic testing confirmed that the sample has two equally-nearest drill holes at exactly the same distance, with identical geometry and the same maximum Au grade of 1.2 g/t. Therefore, the difference is an equivalent nearest-neighbour tie and does not affect the substantive result. Several nearest-hole grades are negative sentinel/detection-limit values, including -9999, so this is recorded as a data-quality concern rather than a gold-code error. | E25: Query valid with data note | F25: No | G25: Preserve the query result, clearly label invalid/missing/extreme source values, and request domain review where indicated. | H25: Thomas_validation_log (1).xlsx
A26: CD3-004 | B26: Extreme / unit review | C26: Extreme exploration values | D26: Correctly identifies soil Au anomalies above 100 ppb, projects all spatial layers to EPSG:9473, retains anomalies within 500 m of a mapped fault, and excludes any anomaly with a drill hole within 2 km. The rerun matches the supplied gold result exactly, yielding 5,802 total targets and the same top-10 strongest anomalies. Extremely high soil Au values are retained as a data-quality/domain concern, and expert geological review is recommended for interpretation of the resulting exploration targets. | E26: Query valid with data note | F26: Yes | G26: Preserve the query result, clearly label invalid/missing/extreme source values, and request domain review where indicated. | H26: Thomas_validation_log (1).xlsx
A27: CD3-009 | B27: Missing identifier / null | C27: Missing/null identifier | D27: The spatial and area calculations are correct: pegmatite polygons are projected to EPSG:9473, buffered by 500 m, polygons with nearby drill holes are excluded, and the 10 largest remaining bodies are returned. The rerun matches the supplied gold result and identifies 1,009 undrilled bodies in total. However, the top-10 output does not uniquely identify the pegmatite bodies because unit_name is null for all returned rows and the available peg_id/code identifiers are omitted from the result. This is an output-completeness and data-quality issue rather than a spatial-logic error and should be confirmed with the client. | E27: Query valid with data note | F27: No | G27: Preserve the query result, clearly label invalid/missing/extreme source values, and request domain review where indicated. | H27: Thomas_validation_log (1).xlsx
A28: CD3-013 | B28: Missing identifier / null | C28: Missing/null bore name | D28: Correctly filters groundwater records with Au > 100 ng/L, projects groundwater and drill-hole geometries to EPSG:9473, calculates the nearest drilling distance, flags records more than 1 km from drilling, and ranks the least-tested leads first. The rerun matches the supplied gold result exactly. However, bore_name is missing for all 11 returned records, limiting identification of the individual bores; this is recorded as a data-quality/output usability concern rather than a gold-logic error. | E28: Query valid with data note | F28: No | G28: Preserve the query result, clearly label invalid/missing/extreme source values, and request domain review where indicated. | H28: Thomas_validation_log (1).xlsx
A29: NS1-002 | B29: Sentinel / invalid value | C29: Sentinel value | D29: Present: -9999 in as_ppm | E29: Pass with note | F29: No | G29: The returned result contains -9999 in as_ppm. The query is logically valid because arsenic was requested without requiring it to be measured, but the sentinel should be displayed as NULL or Missing for clearer evidence. | H29: GeoQueryBench_Client_Validation_Summary-Version2 - Dilani.xlsx
A30: NS1-009 | B30: Extreme / unit review | C30: Extreme / possible mixed unit | D30: Correctly joins surface_sample and surface_assay, filters shallow-drill samples, and converts the 5% Fe threshold to 50,000 ppm. The rerun produced 286 rows and matched the provided gold result with the required descending ordering. Some fe_ppm values reach approximately 1,000,000 ppm (100%), consistent with the dataset note about possible mixed-unit recording; this is retained as a data-quality concern rather than treated as a gold-code error. | E30: Query valid with data note | F30: Yes | G30: Preserve the query result, clearly label invalid/missing/extreme source values, and request domain review where indicated. | H30: Thomas_validation_log (1).xlsx
A31: NS2-009 | B31: Sentinel / invalid value | C31: Sentinel affects aggregate | D31: Correctly applies the ≥50-sample HAVING threshold and ranks lithologies by average SiO2, but negative sentinel values (e.g. -9999/-6666) are not excluded and affect the calculated averages. | E31: Query valid with data note | F31: Yes | G31: Preserve the query result, clearly label invalid/missing/extreme source values, and request domain review where indicated. | H31: Thomas_validation_log (1).xlsx
... A38: RB-005 | B38: Extreme / unit review | C38: Extreme peak-grade values | D38: The question is under-specified because neither the target element nor the high-grade threshold is stated. Gold explicitly declares the assumption that high-grade means Au >= 1.0 g/t, then returns one maximum value per drill hole ordered descending. Under that declared assumption, DuckDB returned 103,412 unique holes and matched RB-005.csv after normalising hole_id, ignoring 98,500 tied-order rows and allowing rtol 1e-7 for float32-to-CSV precision. Peak values ranged from 1.0 to 999,909.0 g/t, with 236 rows at 999,909.0; these implausible extremes are recorded as a data-quality concern. This Gold is valid as an explicitly declared interpretation, not as the only possible answer to the ambiguous question. Evidence: test_scripts/test_sql_questions.py::test_rb_005_gold_result (pytest PASS). | E38: Query valid with data note | F38: Yes | G38: Record the declared Au >= 1.0 g/t interpretation and investigate the 236 peak values of 999,909 g/t before geological use. | H38: Ziyue_validation_log.csv

Sheet Ziyue Review
A1: Ziyue Code Review — Reconciliation
A3: Independent review evidence merged into the final client report. PASS findings confirm existing statuses; the XFAIL and new data observations are classified separately.
A5: QUERY REVIEWS | B5: 47
A7: QUERY PASSES | B7: 46
A9: EXPECTED FAILURE | B9: 1
A11: NEW DATA WARNINGS | B11: 5
A14: Review disposition | B14: Queries
A15: PASS | B15: =B7 -> 46
A16: XFAIL | B16: =B9 -> 1
A21: Finding reconciliation
A22: QID | B22: Classification | C22: Test result | D22: Gold valid | E22: Finding | F22: Report treatment
A23: CD4-013 | B23: Query-code defect | C23: XFAIL | D23: No | E23: Requested map extent was not enforced; observed latitude extends to approximately -25.378 instead of stopping at -27. | F23: Added to the red correction register and original-code appendix.
A24: NS4-006 | B24: Data-quality warning | C24: PASS | D24: Yes | E24: Extreme Zn/Pb ratio denominator | F24: Added to the orange data-quality warning register.
A25: NS4-012 | B25: Data-quality warning | C25: PASS | D25: Yes | E25: Extreme Ni/Mg ratio denominator | F25: Added to the orange data-quality warning register.
A26: CD2-008 | B26: Data-quality warning | C26: PASS | D26: Yes | E26: Cross-dataset report coverage | F26: Added to the orange data-quality warning register.
A27: RB-005 | B27: Data-quality warning | C27: PASS | D27: Yes | E27: Extreme peak-grade values | F27: Added to the orange data-quality warning register.
A28: CD2-004 | B28: Data-quality warning | C28: PASS | D28: Yes | E28: Invalid grade in nearest result | F28: Added to the orange data-quality warning register.
A29: CD4-001 | B29: Secondary confirmation | C29: PASS | D29: Yes | E29: Independent secondary review reproduced the supplied output and semantics. | F29: No status change; retained as verified.
A30: RB-008 | B30: Secondary confirmation | C30: PASS | D30: Yes | E30: Independent secondary review reproduced the supplied output and semantics. | F30: No status change; retained as verified.
A33: Evidence scope: the archive records a saved historical run (46 query PASS, one CD4-013 XFAIL, plus four helper PASS tests). The report independently checked the recorded logic and reconciled it against the completed 233-query audit; it does not misrepresent the archived run as a new execution today.

Sheet Full Validation
A1: GeoQueryBench — Complete 233-Query Validation Register
A3: Authoritative runtime and semantic audit. Filter Final category or Final verdict to isolate exact matches, caveats, gold defects and correction items.
A5: Position | B5: QID | C5: Scenario | D5: Question type | E5: Task | F5: Difficulty | G5: Robustness | H5: English question | I5: Chinese question | J5: Execution | K5: Runtime (s) | L5: Final category | M5: Final verdict | N5: Confidence | O5: Actual output | P5: Gold output | Q5: Evidence | R5: Recommended action
A6: 1 | B6: NS1-001 | C6: NS | D6: attribute filter & lookup | E6: sql | F6: easy | H6: Which rock chip samples have copper above 1000 ppm? List the sample ID, copper and zinc values. | I6: 哪些岩屑(rock chip)样品的铜含量超过 1000 ppm?列出样品编号、铜和锌的值。 | J6: PASS | K6: 0.2701 | L6: Verified | M6: Verified — exact canonical match | N6: High | O6: 8,498 rows × 3 cols | P6: 8,498 rows × 3 cols | Q6: Execution succeeded; rerun output (8,498 rows × 3 cols) exactly matches the official gold artifact (8,498 rows × 3 cols). | R6: No action required.
A7: 2 | B7: NS1-002 | C7: NS | D7: attribute filter & lookup | E7: sql | F7: medium | H7: List all soil samples with gold above 100 ppb, showing sample ID, gold value and arsenic value. | I7: 列出金含量超过 100 ppb 的所有土壤样品,给出样品编号、金值和砷值。 | J7: PASS | K7: 1.5003 | L7: Verified | M7: Verified — same rows/values; order only | N7: High | O7: 162,481 rows × 3 cols | P7: 162,481 rows × 3 cols | Q7: Execution succeeded; rerun and gold contain the same rows and values (162,481 rows × 3 cols); only row ordering differs. | R7: No action required unless a stable presentation order is required; then add an explicit final ORDER BY.
A8: 3 | B8: NS1-003 | C8: NS | D8: attribute filter & lookup | E8: sql | F8: easy | H8: From the GSWA WACHEM reference dataset, list the sample ID and lithology name of samples with SiO2 above 70 wt%. | I8: 在 GSWA WACHEM 参考数据集中,列出 SiO2 含量高于 70 wt% 的样品编号和岩性名称。 | J8: PASS | K8: 0.0947 | L8: Verified | M8: Verified — exact canonical match | N8: High | O8: 17,887 rows × 3 cols | P8: 17,887 rows × 3 cols | Q8: Execution succeeded; rerun output (17,887 rows × 3 cols) exactly matches the official gold artifact (17,887 rows × 3 cols). | R8: No action required.
A9: 4 | B9: NS1-004 | C9: NS | D9: attribute filter & lookup | E9: sql | F9: hard | H9: List stream sediment samples whose gold value is below 5 ppb (at or near detection limit), with sample ID and gold value. | I9: 列出金含量低于 5 ppb(接近检出限)的水系沉积物样品,给出样品编号和金值。 | J9: PASS | K9: 0.9217 | L9: Verified | M9: Verified — same rows/values; order only | N9: High | O9: 90,737 rows × 2 cols | P9: 90,737 rows × 2 cols | Q9: Execution succeeded; rerun and gold contain the same rows and values (90,737 rows × 2 cols); only row ordering differs. | R9: No action required unless a stable presentation order is required; then add an explicit final ORDER BY.
A10: 5 | B10: NS1-005 | C10: NS | D10: attribute filter & lookup | E10: python | F10: easy | H10: Find samples where arsenic exceeds 50 ppm and antimony exceeds 5 ppm at the same time (As-Sb pathfinder screen). Report sample ID, medium and both values. | I10: 找出砷超过 50 ppm 且锑同时超过 5 ppm 的样品(As-Sb 指示元素组合筛查),给出样品编号、采样介质和两个元素的值。 | J10: PASS | K10: 8.3477 | L10: Verified | M10: Verified — exact canonical match | N10: High | O10: 35,410 rows × 4 cols | P10: 35,410 rows × 4 cols | Q10: Execution succeeded; rerun output (35,410 rows × 4 cols) exactly matches the official gold artifact (35,410 rows × 4 cols). | R10: No action required.
A11: 6 | B11: NS1-006 | C11: NS | D11: attribute filter & lookup | E11: sql | F11: easy | H11: Find rock chip samples with both silver above 10 ppm and lead above 1000 ppm (Ag-Pb vein signature). List sample ID and both values. | I11: 找出银超过 10 ppm 且铅超过 1000 ppm 的岩屑样品(Ag-Pb 脉型特征),列出样品编号和两个值。 | J11: PASS | K11: 0.1226 | L11: Verified | M11: Verified — exact canonical match | N11: High | O11: 1,017 rows × 3 cols | P11: 1,017 rows × 3 cols | Q11: Execution succeeded; rerun output (1,017 rows × 3 cols) exactly matches the official gold artifact (1,017 rows × 3 cols). | R11: No action required.
A12: 7 | B12: NS1-007 | C12: NS | D12: attribute filter & lookup | E12: sql | F12: easy | H12: How many samples of each medium came from WAMEX report A75082? | I12: WAMEX 报告 A75082 贡献了各采样介质多少个样品? | J12: PASS | K12: 0.0175 | L12: Verified | M12: Verified — exact canonical match | N12: High | O12: 4 rows × 2 cols | P12: 4 rows × 2 cols | Q12: Execution succeeded; rerun output (4 rows × 2 cols) exactly matches the official gold artifact (4 rows × 2 cols). | R12: No action required.
A13: 8 | B13: NS1-008 | C13: NS | D13: attribute filter & lookup | E13: sql | F13: easy | H13: In the WACHEM dataset, list drill-core samples (sample type code DRCO) with chromium above 1000 ppm. | I13: 在 WACHEM 数据集中,列出铬超过 1000 ppm 的钻孔岩心样品(样品类型编码 DRCO)。 | J13: PASS | K13: 0.0182 | L13: Verified | M13: Verified — exact canonical match | N13: High | O13: 1,158 rows × 3 cols | P13: 1,158 rows × 3 cols | Q13: Execution succeeded; rerun output (1,158 rows × 3 cols) exactly matches the official gold artifact (1,158 rows × 3 cols). | R13: No action required.
A14: 9 | B14: NS1-009 | C14: NS | D14: attribute filter & lookup | E14: sql | F14: medium | H14: List shallow-drill samples with iron above 5%, showing sample ID and Fe value in ppm. | I14: 列出铁含量超过 5% 的浅钻样品,给出样品编号和以 ppm 计的 Fe 值。 | J14: PASS | K14: 0.1319 | L14: Verified | M14: Verified — exact canonical match | N14: High | O14: 286 rows × 2 cols | P14: 286 rows × 2 cols | Q14: Execution succeeded; rerun output (286 rows × 2 cols) exactly matches the official gold artifact (286 rows × 2 cols). | R14: No action required.
A15: 10 | B15: NS1-010 | C15: NS | D15: attribute filter & lookup | E15: sql | F15: easy | H15: Which groundwater bores have acidic water (pH below 4)? List bore name, pH and TDS. | I15: 哪些地下水钻孔的水呈酸性(pH 低于 4)?列出孔名、pH 和 TDS。 | J15: PASS | K15: 0.0067 | L15: Verified | M15: Verified — exact canonical match | N15: High | O15: 855 rows × 3 cols | P15: 855 rows × 3 cols | Q15: Execution succeeded; rerun output (855 rows × 3 cols) exactly matches the official gold artifact (855 rows × 3 cols). | R15: No action required.
A16: 11 | B16: NS1-011 | C16: NS | D16: attribute filter & lookup | E16: sql | F16: medium | H16: List groundwater analyses with gold above 100 ng/L, showing bore name and the gold value. Note the unit. | I16: 列出金含量超过 100 ng/L 的地下水分析,给出孔名和金值。注意单位。 | J16: PASS | K16: 0.0047 | L16: Verified | M16: Verified — exact canonical match | N16: High | O16: 11 rows × 2 cols | P16: 11 rows × 2 cols | Q16: Execution succeeded; rerun output (11 rows × 2 cols) exactly matches the official gold artifact (11 rows × 2 cols). | R16: No action required.
A17: 12 | B17: NS1-012 | C17: NS | D17: attribute filter & lookup | E17: python | F17: easy | H17: How many WAROX field observations record komatiite as the rock name? List 10 examples with site ID and geologist. | I17: WAROX 野外观测中有多少条把岩石名记录为科马提岩(komatiite)?列出 10 条示例(站点号、地质员)。 | J17: PASS | K17: 0.0573 | L17: Verified | M17: Verified — exact canonical match | N17: High | O17: 10 rows × 4 cols | P17: 10 rows × 4 cols | Q17: Execution succeeded; rerun output (10 rows × 4 cols) exactly matches the official gold artifact (10 rows × 4 cols). | R17: No action required.
... A230: 225 | B230: CD4-015 | C230: CD | D230: overlay visualization | E230: viz | F230: medium | H230: Plot WACHEM samples whose lithology name contains 'basalt' over greenstone belt polygons, state-wide. | I230: 全州范围内,将岩性名含 'basalt' 的 WACHEM 样品叠加在绿岩带多边形上。 | J230: PASS | K230: 0.4049 | L230: Verified | M230: Verified — visual equivalent | N230: High | O230: 640 × 932 px | P230: 638 × 928 px | Q230: Execution succeeded; rerun image (640 × 932 px) is visually equivalent to the official gold image (638 × 928 px). Normalized image comparison: MAE 7.24, RMS 25.03. | R230: No action required.
A231: 226 | B231: RB-001 | C231: NS | D231: attribute filter & lookup | E231: sql | F231: easy | G231: R-schema | H231: List rock chip samples with sulfur above 1%, showing sample ID and the sulfur value. | I231: 列出硫含量高于 1% 的岩屑样品,给出样品编号和硫值。 | J231: PASS | K231: 0.1478 | L231: Verified | M231: Verified — exact canonical match | N231: High | O231: 1,556 rows × 2 cols | P231: 1,556 rows × 2 cols | Q231: Execution succeeded; rerun output (1,556 rows × 2 cols) exactly matches the official gold artifact (1,556 rows × 2 cols). | R231: No action required.
A232: 227 | B232: RB-002 | C232: SS | D232: assay interval query | E232: sql | F232: medium | G232: R-schema | H232: List assay intervals with sulfur above 1% in the Kalgoorlie-Kambalda region, showing hole ID, depths and the sulfur value. | I232: 列出 Kalgoorlie–Kambalda 区域中硫含量高于 1% 的化验区间,给出孔号、深度和硫值。 | J232: PASS | K232: 0.984 | L232: Verified | M232: Verified — same rows/values; order only | N232: High | O232: 117,551 rows × 4 cols | P232: 117,551 rows × 4 cols | Q232: Execution succeeded; rerun and gold contain the same rows and values (117,551 rows × 4 cols); only row ordering differs. | R232: No action required unless a stable presentation order is required; then add an explicit final ORDER BY.
A233: 228 | B233: RB-003 | C233: NS | D233: attribute filter & lookup | E233: refusal | F233: hard | G233: R-unans | H233: Which surface geochemistry samples have platinum above 50 ppb? | I233: 哪些地表地球化学样品的铂含量超过 50 ppb? | J233: PASS | K233: 0.0003 | L233: Verified | M233: Verified — exact canonical match | N233: High | Q233: Execution succeeded; rerun output (n/a) exactly matches the official gold artifact (n/a). | R233: No action required.
A234: 229 | B234: RB-004 | C234: NS | D234: attribute filter & lookup | E234: sql | F234: easy | G234: R-schema | H234: In the GSWA WACHEM reference dataset, which samples have platinum above 50 ppb? Report sample ID, lithology and Pt value. | I234: 在 GSWA WACHEM 参考数据集中,哪些样品铂含量超过 50 ppb?给出样品编号、岩性和 Pt 值。 | J234: PASS | K234: 0.0191 | L234: Verified | M234: Verified — exact canonical match | N234: High | O234: 49 rows × 3 cols | P234: 49 rows × 3 cols | Q234: Execution succeeded; rerun output (49 rows × 3 cols) exactly matches the official gold artifact (49 rows × 3 cols). | R234: No action required.
A235: 230 | B235: RB-005 | C235: SS | D235: assay interval query | E235: sql | F235: medium | G235: R-ambig | H235: Show me the high-grade drill holes. | I235: 给我看看高品位的钻孔。 | J235: PASS | K235: 1.5614 | L235: Verified | M235: Verified — same rows/values; order only | N235: High | O235: 103,412 rows × 4 cols | P235: 103,412 rows × 4 cols | Q235: Execution succeeded; rerun and gold contain the same rows and values (103,412 rows × 4 cols); only row ordering differs. | R235: No action required unless a stable presentation order is required; then add an explicit final ORDER BY.
A236: 231 | B236: RB-006 | C236: NS | D236: spatial operations | E236: geopandas | F236: medium | G236: R-ambig | H236: Which surface samples are near Kambalda? | I236: 哪些地表样品在 Kambalda 附近? | J236: PASS | K236: 1.9197 | L236: Verified | M236: Verified — same rows/values; order only | N236: High | O236: 9,295 rows × 3 cols | P236: 9,295 rows × 3 cols | Q236: Execution succeeded; rerun and gold contain the same rows and values (9,295 rows × 3 cols); only row ordering differs. | R236: No action required unless a stable presentation order is required; then add an explicit final ORDER BY.
A237: 232 | B237: RB-007 | C237: SS | D237: assay interval query | E237: refusal | F237: hard | G237: R-unans | H237: List drill holes with uranium assays above 100 ppm. | I237: 列出铀化验值超过 100 ppm 的钻孔。 | J237: PASS | K237: 0.0002 | L237: Verified | M237: Verified — exact canonical match | N237: High | Q237: Execution succeeded; rerun output (n/a) exactly matches the official gold artifact (n/a). | R237: No action required.
A238: 233 | B238: RB-008 | C238: SS | D238: interval/depth reasoning | E238: python | F238: hard | G238: R-para | H238: For drill hole 4136440, list the continuous runs of good gold mineralisation: merge neighbouring assay intervals, skip barren stretches thinner than 2 m inside a run, and keep runs at least 4 m long averaging at least 0.5 g/t when weighted by interval length. | I238: 对孔号 4136440,列出连续的良好金矿化段:合并相邻化验区间,跳过段内薄于 2 m 的贫矿夹层,保留长度不小于 4 m、按区间长度加权平均不低于 0.5 g/t 的段。 | J238: PASS | K238: 1.2748 | L238: Verified | M238: Verified — exact canonical match | N238: High | O238: 4 rows × 4 cols | P238: 4 rows × 4 cols | Q238: Execution succeeded; rerun output (4 rows × 4 cols) exactly matches the official gold artifact (4 rows × 4 cols). | R238: No action required.

Sheet Client Requirements
A1: Client Requirement Traceability
A3: What the client requested in the supplied transcript and how the consolidated error report implements it.
A5: Requirement | B5: Evidence | C5: Report implementation | D5: Status
A6: Validate supplied code; do not generate replacement queries | B6: Client meeting transcript, 04:01 | C6: The workbook reports execution and semantic validity. Original code is preserved only for the four correction cases; no replacement query is supplied. | D6: Met
A7: Record whether each query passes and whether its output matches | B7: Client meeting transcript, 04:01 and 05:42 | C7: All 233 rows show execution status, final category, verdict, actual/gold output summaries and evidence. | D7: Met
A8: Include an output record for every query | B8: Client meeting transcript, 05:02 | C8: The Full 233 Validation sheet records actual and gold output shape for every benchmark case. | D8: Met
A9: Provide maps/charts or visual summaries | B9: Client meeting transcript, 04:17 | C9: The Executive Summary and Data Quality sheets contain native Excel charts; detailed per-query visualisations remain in the existing verification workbook. | D9: Met
A10: Use red for query/output problems and orange for source-data concerns | B10: Client meeting transcript, 05:42–05:54 | C10: Red identifies the four queries needing correction. Amber/orange identifies tie caveats and sentinel/null/data-quality warnings. A blue category distinguishes the defective gold file. | D10: Met
A11: Treat -999/-9999 as source-data sentinels, not automatically as code failures | B11: Client discussion supplied in chat, 16:42–17:31 | C11: Sentinels are recorded as data-quality warnings unless they change the requested calculation or make selection nondeterministic. | D11: Met
A12: Combine individual verification into one error report | B12: Client discussion supplied in chat, 18:52–19:16 | C12: This workbook consolidates the complete runtime audit and all three uploaded reviewer logs into one client-facing report. | D12: Met
A15: Important classification rule: red is reserved for a supplied-query defect or unstable outcome. Orange is a source-data or presentation concern. Blue is used when the query is correct but the official gold artifact is defective.

Sheet Dataset Inventory
A1: Validated Dataset Inventory
A3: Parquet tables used by the complete execution audit. Hashes provide a reproducible link to the tested database state.
A5: Database | B5: Table | C5: Rows | D5: Columns | E5: Source file | F5: SHA-256
A6: A_subsurface | B6: collar | C6: 604294 | D6: hole_id;hole_name;company_hole_id;anumber;company_id;hole_type;max_depth_m;longitude;latitude;region | E6: database/A_subsurface/collar.parquet | F6: 0d0eaca7d57bcda58383ea0774b2a329b4aaf7af3d1b881bfdcf04ced31aeabd
A7: A_subsurface | B7: collar_coordinate | C7: 603430 | D7: hole_id;easting;northing;datum;projection;zone;accuracy | E7: database/A_subsurface/collar_coordinate.parquet | F7: 8ae3849bf47eed0ad87b7accdf1de9c1817d1a4fb8bfd4d44c5c1704eb5370bc
A8: A_subsurface | B8: collar_elevation | C8: 436610 | D8: hole_id;elevation_m;elevation_uom;height_datum;capture_method | E8: database/A_subsurface/collar_elevation.parquet | F8: e1fe3625defdef75ec7e5b56920c02099ecd79f93c3b06882c34abba814b7adc
A9: A_subsurface | B9: dh_alteration | C9: 490707 | D9: hole_id;from_depth_m;to_depth_m;alt_code;intensity;style;assemblage | E9: database/A_subsurface/dh_alteration.parquet | F9: 5f72e3f8760fcd9d77bd70de3cc755264cc6a26d4acdb23bcc74ed1143d3ae45
A10: A_subsurface | B10: dh_assay | C10: 17082700 | D10: hole_id;from_depth_m;to_depth_m;au_ppm;ag_ppm;as_ppm;cu_ppm;ni_ppm;co_ppm;zn_ppm;pb_ppm;fe_ppm;s_ppm;mg_ppm;li_ppm;cr_ppm;mn_ppm;w_ppm;sn_ppm;ta_ppm;bi_ppm;mo_ppm;sb_ppm | E10: database/A_subsurface/dh_assay.parquet | F10: c123e3ad7ab22f6a6b88d5570ae0e465a0525612828deebbaa509d772c7abae5
A11: A_subsurface | B11: dh_geology | C11: 10314717 | D11: hole_id;from_depth_m;to_depth_m;lith_code;colour;oxidation;grain_size;texture;structure;strat_unit;weathering;comments;lith_code_source | E11: database/A_subsurface/dh_geology.parquet | F11: ef4cdb76953689aadd910c0bbfc83658295587bf07856f050e9b9187b02fb48b
A12: A_subsurface | B12: dh_geophysics | C12: 21046742 | D12: hole_id;from_depth_m;to_depth_m;log_type;value | E12: database/A_subsurface/dh_geophysics.parquet | F12: 66ffc5282ef9381d675aa1fdbb4e3f1c4c6dd658cae3a48e732f2fe98fce1b47
A13: A_subsurface | B13: dh_geotech | C13: 231392 | D13: hole_id;from_depth_m;to_depth_m;rqd_pct;recovery_pct;num_fractures;num_joint_sets;roughness;infill_type | E13: database/A_subsurface/dh_geotech.parquet | F13: 18cedf05b922393ffef90e11ef2f482715f92647a4c8cd1301adf1d2839e769e
A14: A_subsurface | B14: dh_magsus | C14: 3878198 | D14: hole_id;from_depth_m;to_depth_m;mag_sus_si | E14: database/A_subsurface/dh_magsus.parquet | F14: 609ec47fe00125fbe50210b866592da48b07241824dbb317b342a0a2d3d6e01a
A15: A_subsurface | B15: dh_mineralogy | C15: 272507 | D15: hole_id;from_depth_m;to_depth_m;mineral_code;mineral_pct;style;mineral2_code;mineral2_pct | E15: database/A_subsurface/dh_mineralogy.parquet | F15: c6e9aca349f17a79c0e0d6ea4ce20833d0572a6830d7b3f1bf4b55cdb1275744
A16: A_subsurface | B16: dh_recovery | C16: 623652 | D16: hole_id;from_depth_m;to_depth_m;sample_id;sample_type;sample_method;sample_recovery;sample_condition | E16: database/A_subsurface/dh_recovery.parquet | F16: e8674c9969743f556deeb4a19be8e4ac1a6dd27ce1b3ca0c1f264db12488c615
A17: A_subsurface | B17: dh_regolith | C17: 26905 | D17: hole_id;from_depth_m;to_depth_m;regolith_code;qualifier;description;regime_code | E17: database/A_subsurface/dh_regolith.parquet | F17: bc9091c5d0866dae0dfb8d5cbcb2305d92becbfdc1105455f6917a16a308e70c
... A40: B_surface | B40: wachem | C40: 49084 | D40: dataset;sample_id;gswano;extract_da;batch_no;sampletype;lithname;siteno;siteid;origname;wamex_anumber;compsampid;ag_ppm;al_ppm;al2o3_pct;as_ppm;au_ppm;b_ppm;ba_ppm;bao_ppm;be_ppm;bi_ppm;br_ppm;c_ppm;ca_ppm;cao_pct;cd_ppm;ce_ppm;ceo2_ppm;cl_ppm;co_ppm;co2_pct;cr_ppm;cr2o3_ppm;cs_ppm;cs2o_ppm;cu_ppm;dy_ppm;dy2o3_ppm;er_ppm;er2o3_ppm;eu_ppm;eu2o3_ppm;f_ppm;fe_ppm;fe2o3_pct;fe2o3t_pct;feo_pct;ga_ppm;ga2o3_ppm;gd_ppm;gd2o3_ppm;ge_ppm;h2oneg_pct;h2opos_pct;hf_ppm;hg_ppm;ho_ppm;ho2o3_ppm;i_ppm;in_ppm;ir_ppb;k_ppm;k2o_pct;la_ppm;la2o3_ppm;labnegnr_n;li_ppm;li2o_ppm;loi_pct;lu_ppm;lu2o3_ppm;mg_ppm;mgo_pct;mn_ppm;mno_pct;mo_ppm;na_ppm;na2o_pct;nb_ppm;nb2o5_ppm;nd_ppm;nd2o3_ppm;ni_ppm;os_ppb;p_ppm;p2o5_pct;pb_ppm;pd_ppb;pr_ppm;pr2o3_ppm;pt_ppb;rb_ppm;rb2o_ppm;re_ppm;rh_ppb;ru_ppb;s_pct;sb_ppm;sb2o5_ppm;sc_ppm;se_ppm;si_ppm;sio2_pct;sm_ppm;sm2o3_ppm;sn_ppm;so3_pct;sr_ppm;sro_ppm;ta_ppm;ta2o5_ppm;tb_ppm;tb2o3_ppm;te_ppm;th_ppm;tho2_ppm;ti_ppm;tio2_pct;tl_ppm;tm_ppm;tm2o3_ppm;u_ppm;u3o8_ppm;v_ppm;v2o5_ppm;w_ppm;wo3_ppm;y_ppm;y2o3_ppm;yb_ppm;yb2o3_ppm;zn_ppm;zno_ppm;zr_ppm;zro2_ppm;geometry | E40: database/B_surface/wachem.parquet | F40: 370f240df46e8c4371ead023581a991d84acf282ffa41f22cd5a2767842b9b71

Sheet Methodology & Sources
A1: Methodology, Status Definitions and Sources
A3: How to interpret the report and reproduce the client-facing conclusions.
A5: Validation method
A6: Step | B6: Stage | C6: Method
A7: 1 | B7: Execution | C7: All 233 supplied cases were processed against the complete 35-table Parquet database; the two refusal cases were validated by design.
A8: 2 | B8: Output comparison | C8: Tabular results were compared with official CSV artifacts; visual outputs were checked against official PNGs. Order-only differences were separated from value differences.
A9: 3 | B9: Focused diagnosis | C9: Every mismatch was rerun and tested for ordering, precision, tie membership, nearest-neighbour ambiguity, sentinel effects or gold-artifact defects.
A10: 4 | B10: Final classification | C10: A query is red when the supplied logic can change the substantive result or fails an explicit requirement such as the requested map extent. Valid tied alternatives are amber; a defective official gold artifact is blue.
A11: 5 | B11: Data-quality review | C11: Sentinel, null, extreme and possible mixed-unit values documented by the supplied reviewer logs are reported separately from code validity.
A14: Status definitions
A15: Status | B15: Colour | C15: Meaning
A16: Verified | B16: Green | C16: Execution and semantic result validated.
A17: Verified with caveat | B17: Amber | C17: The output is a defensible tied alternative; add deterministic ordering only if exact repeatability is required.
A18: Verified — gold defect | B18: Blue | C18: The supplied query is valid, but the official gold artifact is wrong or stale.
A19: Needs correction | B19: Red | C19: The supplied logic discards unresolved ties, changes the substantive result, or fails an explicit output requirement.
A20: Data-quality warning | B20: Orange | C20: Sentinel, null, extreme, mixed-unit or identification concern in the source/output; not automatically a query failure.
A23: Source register
A24: Source | B24: Role | C24: Coverage
A25: GeoQueryBench_Query_by_Query_Validation.xlsx | B25: Authoritative 233-query runtime and semantic validation register | C25: 233 cases; 97 SQL, 54 GeoPandas, 35 Python, 45 visualisation and 2 refusal
A26: GeoQueryBench_Client_Validation_Summary-Version2 - Dilani.xlsx | B26: Client-summary format reference and documented sentinel/data notes | C26: 40 reviewed questions
A27: Thomas_validation_log (1).xlsx | B27: Detailed checklist reference and documented data-quality/expert-review concerns | C27: 40 reviewed questions
A28: Ziyue_Code_Review.zip | B28: Independent query tests, saved execution evidence and data-quality review | C28: 47 benchmark questions: 46 passed and one expected failure (CD4-013); four helper tests also passed
A29: Pasted markdown(3).md | B29: Client-meeting requirements and colour/classification convention | C29: Transcript excerpt through 05:54, supplemented by the later transcript supplied in chat
A30: GeoQueryBench_233_Verifications_with_Excel_Visualisations.xlsx | B30: Existing output previews and per-query Excel visualisation evidence | C30: All 233 questions
A33: Scope limitation: the 233-query execution audit is complete. The final semantic classification incorporates the additional Ziyue review evidence. The orange data-quality register consolidates observations explicitly documented in Dilani's, Thomas's and Ziyue's reviewer logs; it is not represented as a fresh exhaustive value-level scan of every returned cell. Geological interpretation, the three tie-policy decisions and the CD4-013 map-extent correction remain with the client/domain expert.
A38: Project repository: https://github.com/chaitanya3418/geoquerybench-group7-private Validation application: https://geoquerybench-group7-private.onrender.com
